"","word","year","count","appear","topic","all_ps_words","all_ps_articles","ps_word_rate","ps_appear_rate","ps_topic_rate","t20_count","t20_appear","t20_topic","t20_articles","t20_words","t20_word_rate","t20_appear_rate","t20_topic_rate"
"1","aaron",1980,0,0,0,321690,85,0,0,0,7,4,0,636,4201959,0.00166588964813793,0.00628930817610063,0
"2","aaron",1981,2,2,0,309091,59,0.00647058633218049,0.0338983050847458,0,6,5,0,649,4426794,0.001355382699082,0.00770416024653313,0
"3","aaron",1982,0,0,0,301023,58,0,0,0,11,4,0,646,4499297,0.00244482638065458,0.00619195046439629,0
"4","aaron",1983,0,0,0,314221,59,0,0,0,12,4,0,664,4488869,0.00267327917121217,0.00602409638554217,0
"5","aaron",1984,0,0,0,326329,58,0,0,0,28,7,0,623,4487044,0.006240188418032,0.0112359550561798,0
"6","aaron",1985,3,1,0,322773,59,0.00929445771486463,0.0169491525423729,0,8,5,0,672,4793402,0.00166896079235583,0.00744047619047619,0
"7","aaron",1986,0,0,0,321383,52,0,0,0,11,4,0,661,4872850,0.0022574058302636,0.00605143721633888,0
"8","aaron",1987,9,1,0,315429,47,0.0285325699285735,0.0212765957446809,0,13,5,0,643,4728494,0.00274928973157204,0.00777604976671851,0
"9","aaron",1988,0,0,0,303362,47,0,0,0,12,6,0,613,4657976,0.00257622624075349,0.0097879282218597,0
"10","aaron",1989,0,0,0,342301,60,0,0,0,2,2,0,623,4915529,0.0004068738074783,0.00321027287319422,0
"11","aaron",1990,0,0,0,328839,53,0,0,0,29,8,1,583,4772542,0.00607642635727459,0.0137221269296741,0.00171526586620926
"12","aaron",1991,0,0,0,461067,75,0,0,0,4,3,0,655,5099321,0.000784418160770816,0.00458015267175573,0
"13","aaron",1992,0,0,0,477662,70,0,0,0,5,3,0,593,5088630,0.000982582738379485,0.00505902192242833,0
"14","aaron",1993,0,0,0,460826,66,0,0,0,6,4,0,624,5170361,0.001160460555849,0.00641025641025641,0
"15","aaron",1994,0,0,0,462952,68,0,0,0,4,4,0,645,5424220,0.000737433216204357,0.0062015503875969,0
"16","aaron",1995,0,0,0,460327,60,0,0,0,0,0,0,600,5414433,0,0,0
"17","aaron",1996,1,1,0,474983,61,0.00210533850685182,0.0163934426229508,0,5,4,0,631,5414388,0.000923465403661503,0.0063391442155309,0
"18","aaron",1997,0,0,0,422701,54,0,0,0,11,6,0,620,5298755,0.00207595935271587,0.00967741935483871,0
"19","aaron",1998,2,1,0,496499,70,0.00402820549487512,0.0142857142857143,0,21,9,0,657,5663788,0.00370776589801737,0.0136986301369863,0
"20","aaron",1999,1,1,0,483828,66,0.00206685020296469,0.0151515151515152,0,7,5,0,634,5609154,0.00124796003104925,0.00788643533123028,0
"21","aaron",2000,0,0,0,628301,74,0,0,0,12,6,0,667,5897962,0.00203460110458494,0.00899550224887556,0
"22","aaron",2001,0,0,0,570869,71,0,0,0,6,5,0,644,5900030,0.00101694398164077,0.0077639751552795,0
"23","aaron",2002,1,1,0,518138,78,0.00192998776387758,0.0128205128205128,0,5,4,0,654,5471717,0.000913789949297451,0.00611620795107034,0
"24","aaron",2003,0,0,0,480102,56,0,0,0,19,14,0,725,6464428,0.00293916182529993,0.0193103448275862,0
"25","aaron",2004,2,2,0,583026,63,0.00343037874811758,0.0317460317460317,0,26,12,1,663,6302167,0.00412556506357258,0.0180995475113122,0.00150829562594268
"26","aaron",2005,0,0,0,524163,65,0,0,0,44,9,2,714,6673373,0.0065933674020619,0.0126050420168067,0.00280112044817927
"27","aaron",2006,22,1,1,978999,114,0.0224719330663259,0.0087719298245614,0.0087719298245614,43,9,2,788,7393250,0.00581611605180401,0.0114213197969543,0.00253807106598985
"28","aaron",2007,22,3,1,863664,105,0.0254728690787158,0.0285714285714286,0.00952380952380952,52,18,2,782,7418460,0.00700954106377874,0.0230179028132992,0.00255754475703325
"29","aaron",2008,0,0,0,992529,121,0,0,0,31,20,0,796,7565287,0.00409766344621162,0.0251256281407035,0
"30","aaron",2009,4,3,0,1001479,121,0.00399409273684221,0.0247933884297521,0,29,22,0,833,7984217,0.00363216580912067,0.0264105642256903,0
"31","aaron",2010,2,2,0,1000539,128,0.00199892258072899,0.015625,0,42,16,1,849,7940206,0.00528953530928543,0.0188457008244994,0.00117785630153121
"32","aaron",2011,7,6,0,1015351,119,0.00689416763267087,0.0504201680672269,0,23,19,0,871,8073448,0.00284884475629248,0.0218140068886338,0
"33","aaron",2012,3,3,0,1085446,137,0.00276384085435849,0.0218978102189781,0,41,26,1,871,8001047,0.00512432935339587,0.0298507462686567,0.00114810562571757
"34","aaron",2013,14,7,0,2112565,262,0.00662701502675657,0.0267175572519084,0,84,22,2,1032,9781448,0.00858768558601957,0.0213178294573643,0.00193798449612403
"35","aaron",2014,6,3,0,1528605,182,0.00392514743835065,0.0164835164835165,0,40,25,0,932,9101408,0.0043949243897208,0.026824034334764,0
"36","aaron",2015,34,8,1,1593507,190,0.0213365865352333,0.0421052631578947,0.00526315789473684,75,35,2,882,8260930,0.00907888094923937,0.0396825396825397,0.00226757369614512
"37","aaron",2016,9,6,0,1567636,178,0.00574112868038244,0.0337078651685393,0,51,30,1,803,8476762,0.00601644826173013,0.037359900373599,0.0012453300124533
"38","aaron",2017,6,6,0,1416479,170,0.0042358552438829,0.0352941176470588,0,78,28,2,781,8065233,0.0096711403129953,0.0358514724711908,0.00256081946222791
"39","aaron",2018,11,8,0,1461326,155,0.00752741003718541,0.0516129032258065,0,78,41,0,825,8597866,0.00907201856832847,0.0496969696969697,0
"40","aaron",2019,13,9,0,1504713,156,0.00863952129077106,0.0576923076923077,0,79,45,0,801,8433336,0.0093675859707238,0.0561797752808989,0
"41","abandon",1980,6,4,0,321690,85,0.0186514967826168,0.0470588235294118,0,123,87,0,636,4201959,0.0292720609601379,0.136792452830189,0
"42","abandon",1981,10,6,0,309091,59,0.0323529316609025,0.101694915254237,0,142,89,0,649,4426794,0.0320773905449407,0.13713405238829,0
"43","abandon",1982,11,10,0,301023,58,0.0365420582480408,0.172413793103448,0,132,91,0,646,4499297,0.0293379165678549,0.140866873065015,0
"44","abandon",1983,8,7,0,314221,59,0.0254597878563177,0.11864406779661,0,120,92,0,664,4488869,0.0267327917121217,0.13855421686747,0
"45","abandon",1984,10,9,0,326329,58,0.0306439207057908,0.155172413793103,0,151,103,0,623,4487044,0.0336524446829583,0.165329052969502,0
"46","abandon",1985,15,8,0,322773,59,0.0464722885743231,0.135593220338983,0,118,88,0,672,4793402,0.0246171716872484,0.130952380952381,0
"47","abandon",1986,16,11,0,321383,52,0.0497848361612157,0.211538461538462,0,153,110,0,661,4872850,0.0313984629118483,0.166414523449319,0
"48","abandon",1987,12,9,0,315429,47,0.0380434265714313,0.191489361702128,0,158,100,0,643,4728494,0.0334144444298756,0.15552099533437,0
"49","abandon",1988,16,7,0,303362,47,0.0527422683131045,0.148936170212766,0,183,101,2,613,4657976,0.0392874501714908,0.164763458401305,0.0032626427406199
"50","abandon",1989,4,3,0,342301,60,0.0116856217188965,0.05,0,147,91,0,623,4915529,0.029905224849655,0.146067415730337,0
"51","abandon",1990,22,12,0,328839,53,0.0669020402081262,0.226415094339623,0,168,107,0,583,4772542,0.0352013664835218,0.183533447684391,0
"52","abandon",1991,15,12,0,461067,75,0.0325332326972002,0.16,0,164,114,0,655,5099321,0.0321611445916035,0.174045801526718,0
"53","abandon",1992,28,14,1,477662,70,0.0586188560111543,0.2,0.0142857142857143,159,99,1,593,5088630,0.0312461310804676,0.166947723440135,0.00168634064080944
"54","abandon",1993,16,11,0,460826,66,0.0347202631795949,0.166666666666667,0,170,107,0,624,5170361,0.032879715749055,0.171474358974359,0
"55","abandon",1994,23,12,0,462952,68,0.0496811764502583,0.176470588235294,0,175,115,0,645,5424220,0.0322627032089406,0.178294573643411,0
"56","abandon",1995,14,10,0,460327,60,0.0304131628168671,0.166666666666667,0,150,98,1,600,5414433,0.0277037318589038,0.163333333333333,0.00166666666666667
"57","abandon",1996,22,10,1,474983,61,0.0463174471507401,0.163934426229508,0.0163934426229508,166,109,1,631,5414388,0.0306590514015619,0.172741679873217,0.00158478605388273
"58","abandon",1997,18,9,0,422701,54,0.0425832917357659,0.166666666666667,0,170,109,0,620,5298755,0.0320830081783362,0.175806451612903,0
"59","abandon",1998,23,13,0,496499,70,0.0463243631910638,0.185714285714286,0,186,112,1,657,5663788,0.0328402122395824,0.170471841704718,0.0015220700152207
"60","abandon",1999,10,9,0,483828,66,0.0206685020296469,0.136363636363636,0,161,109,0,634,5609154,0.0287030807141326,0.17192429022082,0
"61","abandon",2000,18,15,0,628301,74,0.0286486890837353,0.202702702702703,0,164,101,1,667,5897962,0.0278062150959942,0.151424287856072,0.00149925037481259
"62","abandon",2001,21,13,0,570869,71,0.0367860227127415,0.183098591549296,0,214,107,1,644,5900030,0.0362710020118542,0.166149068322981,0.0015527950310559
"63","abandon",2002,24,13,0,518138,78,0.0463197063330619,0.166666666666667,0,159,103,0,654,5471717,0.0290585203876589,0.157492354740061,0
"64","abandon",2003,24,17,0,480102,56,0.0499893772573328,0.303571428571429,0,180,120,0,725,6464428,0.0278446909765257,0.16551724137931,0
"65","abandon",2004,11,8,0,583026,63,0.0188670831146467,0.126984126984127,0,180,108,1,663,6302167,0.0285616042862717,0.16289592760181,0.00150829562594268
"66","abandon",2005,14,10,0,524163,65,0.0267092488405324,0.153846153846154,0,175,109,0,714,6673373,0.0262236203491098,0.15266106442577,0
"67","abandon",2006,53,24,2,978999,114,0.0541369296597852,0.210526315789474,0.0175438596491228,223,133,2,788,7393250,0.0301626483616813,0.168781725888325,0.00253807106598985
"68","abandon",2007,31,22,0,863664,105,0.0358935882472814,0.20952380952381,0,220,133,2,782,7418460,0.0296557506544485,0.170076726342711,0.00255754475703325
"69","abandon",2008,21,18,0,992529,121,0.0211580719555801,0.148760330578512,0,131,105,0,796,7565287,0.0173159326275394,0.131909547738693,0
"70","abandon",2009,36,23,0,1001479,121,0.0359468346315799,0.190082644628099,0,202,125,1,833,7984217,0.0252999135669785,0.150060024009604,0.00120048019207683
"71","abandon",2010,38,26,0,1000539,128,0.0379795290338508,0.203125,0,178,125,0,849,7940206,0.0224175544060192,0.147232037691402,0
"72","abandon",2011,32,18,0,1015351,119,0.0315161948922097,0.151260504201681,0,210,133,0,871,8073448,0.0260111912531052,0.152698048220436,0
"73","abandon",2012,28,19,0,1085446,137,0.0257958479740125,0.138686131386861,0,170,121,0,871,8001047,0.021247219270178,0.138920780711825,0
"74","abandon",2013,90,51,1,2112565,262,0.0426022394577208,0.194656488549618,0.00381679389312977,232,145,1,1032,9781448,0.0237183697137683,0.140503875968992,0.000968992248062015
"75","abandon",2014,30,24,0,1528605,182,0.0196257371917533,0.131868131868132,0,230,160,0,932,9101408,0.0252708152408946,0.171673819742489,0
"76","abandon",2015,45,33,0,1593507,190,0.0282395998260441,0.173684210526316,0,197,129,0,882,8260930,0.0238471939600021,0.146258503401361,0
"77","abandon",2016,54,30,0,1567636,178,0.0344467720822946,0.168539325842697,0,185,107,1,803,8476762,0.0218243711454916,0.133250311332503,0.0012453300124533
"78","abandon",2017,31,26,0,1416479,170,0.021885252093395,0.152941176470588,0,156,113,0,781,8065233,0.0193422806259906,0.144686299615877,0
"79","abandon",2018,54,33,1,1461326,155,0.0369527401825465,0.212903225806452,0.00645161290322581,196,125,2,825,8597866,0.0227963543511844,0.151515151515152,0.00242424242424242
"80","abandon",2019,37,24,1,1504713,156,0.0245894067506561,0.153846153846154,0.00641025641025641,194,120,1,801,8433336,0.0230039452951952,0.149812734082397,0.00124843945068664
"81","abandoned",1980,2,1,0,321690,85,0.0062171655942056,0.0117647058823529,0,94,71,0,636,4201959,0.0223705181321379,0.111635220125786,0
"82","abandoned",1981,3,3,0,309091,59,0.00970587949827074,0.0508474576271186,0,84,68,0,649,4426794,0.018975357787148,0.104776579352851,0
"83","abandoned",1982,6,4,0,301023,58,0.0199320317716586,0.0689655172413793,0,79,56,0,646,4499297,0.0175582985519738,0.086687306501548,0
"84","abandoned",1983,3,3,0,314221,59,0.00954742044611913,0.0508474576271186,0,67,60,0,664,4488869,0.0149258087059346,0.0903614457831325,0
"85","abandoned",1984,4,4,0,326329,58,0.0122575682823163,0.0689655172413793,0,68,50,0,623,4487044,0.0151547433009349,0.0802568218298555,0
"86","abandoned",1985,5,2,0,322773,59,0.0154907628581077,0.0338983050847458,0,90,66,0,672,4793402,0.018775808914003,0.0982142857142857,0
"87","abandoned",1986,4,3,0,321383,52,0.0124462090403039,0.0576923076923077,0,101,69,1,661,4872850,0.0207270898960567,0.104387291981846,0.00151285930408472
"88","abandoned",1987,5,3,0,315429,47,0.0158514277380964,0.0638297872340425,0,92,70,0,643,4728494,0.0194565119465098,0.108864696734059,0
"89","abandoned",1988,9,4,0,303362,47,0.0296675259261213,0.0851063829787234,0,114,79,0,613,4657976,0.0244741492871582,0.128874388254486,0
"90","abandoned",1989,4,4,0,342301,60,0.0116856217188965,0.0666666666666667,0,92,68,0,623,4915529,0.0187161951440018,0.109149277688604,0
"91","abandoned",1990,3,3,0,328839,53,0.0091230054829263,0.0566037735849057,0,90,64,0,583,4772542,0.0188578749018867,0.109777015437393,0
"92","abandoned",1991,5,5,0,461067,75,0.0108444108990667,0.0666666666666667,0,94,68,0,655,5099321,0.0184338267781142,0.10381679389313,0
"93","abandoned",1992,9,8,0,477662,70,0.0188417751464425,0.114285714285714,0,113,79,0,593,5088630,0.0222063698873764,0.133220910623946,0
"94","abandoned",1993,1,1,0,460826,66,0.00217001644872468,0.0151515151515152,0,66,60,0,624,5170361,0.012765066114339,0.0961538461538462,0
"95","abandoned",1994,4,3,0,462952,68,0.00864020460004493,0.0441176470588235,0,88,66,0,645,5424220,0.0162235307564959,0.102325581395349,0
"96","abandoned",1995,8,5,0,460327,60,0.0173789501810669,0.0833333333333333,0,66,56,0,600,5414433,0.0121896420179177,0.0933333333333333,0
"97","abandoned",1996,8,6,0,474983,61,0.0168427080548146,0.0983606557377049,0,73,61,0,631,5414388,0.0134825948934579,0.0966719492868463,0
"98","abandoned",1997,6,5,0,422701,54,0.0141944305785886,0.0925925925925926,0,84,64,0,620,5298755,0.0158527805116485,0.103225806451613,0
"99","abandoned",1998,10,7,0,496499,70,0.0201410274743756,0.1,0,83,63,0,657,5663788,0.0146545033112115,0.0958904109589041,0
"100","abandoned",1999,5,5,0,483828,66,0.0103342510148234,0.0757575757575758,0,93,69,0,634,5609154,0.0165800404125114,0.108832807570978,0
"101","abandoned",2000,9,8,0,628301,74,0.0143243445418677,0.108108108108108,0,90,74,0,667,5897962,0.015259508284387,0.110944527736132,0
"102","abandoned",2001,4,4,0,570869,71,0.00700686146909361,0.0563380281690141,0,81,58,0,644,5900030,0.0137287437521504,0.0900621118012422,0
"103","abandoned",2002,7,6,0,518138,78,0.013509914347143,0.0769230769230769,0,84,63,0,654,5471717,0.0153516711481972,0.0963302752293578,0
"104","abandoned",2003,4,3,0,480102,56,0.00833156287622214,0.0535714285714286,0,108,76,0,725,6464428,0.0167068145859154,0.104827586206897,0
"105","abandoned",2004,7,6,0,583026,63,0.0120063256184115,0.0952380952380952,0,65,54,0,663,6302167,0.0103139126589314,0.081447963800905,0
"106","abandoned",2005,9,5,0,524163,65,0.0171702313974851,0.0769230769230769,0,107,86,0,714,6673373,0.0160338707277414,0.120448179271709,0
"107","abandoned",2006,23,13,0,978999,114,0.0234933845693407,0.114035087719298,0,116,86,0,788,7393250,0.0156899874885876,0.109137055837563,0
"108","abandoned",2007,26,15,0,863664,105,0.0301042998203005,0.142857142857143,0,124,81,1,782,7418460,0.0167150594597801,0.103580562659847,0.00127877237851662
"109","abandoned",2008,8,7,0,992529,121,0.00806021788784005,0.0578512396694215,0,82,66,0,796,7565287,0.0108389807286888,0.0829145728643216,0
"110","abandoned",2009,18,15,0,1001479,121,0.0179734173157899,0.12396694214876,0,97,72,0,833,7984217,0.0121489683960243,0.0864345738295318,0
"111","abandoned",2010,18,14,0,1000539,128,0.0179903032265609,0.109375,0,98,81,0,849,7940206,0.0123422490549993,0.0954063604240283,0
"112","abandoned",2011,1,1,0,1015351,119,0.000984881090381553,0.00840336134453781,0,103,70,0,871,8073448,0.0127578699955707,0.0803673938002296,0
"113","abandoned",2012,12,8,0,1085446,137,0.0110553634174339,0.0583941605839416,0,81,66,0,871,8001047,0.010123675064026,0.0757749712973594,0
"114","abandoned",2013,25,21,0,2112565,262,0.0118339554049225,0.0801526717557252,0,128,81,1,1032,9781448,0.0130859970834584,0.0784883720930233,0.000968992248062015
"115","abandoned",2014,12,10,0,1528605,182,0.00785029487670131,0.0549450549450549,0,97,72,0,932,9101408,0.0106576916450729,0.0772532188841202,0
"116","abandoned",2015,15,12,0,1593507,190,0.00941319994201469,0.0631578947368421,0,104,67,1,882,8260930,0.0125893815829453,0.0759637188208617,0.00113378684807256
"117","abandoned",2016,20,12,0,1567636,178,0.0127580637341832,0.0674157303370786,0,78,62,0,803,8476762,0.00920162675323431,0.0772104607721046,0
"118","abandoned",2017,19,13,0,1416479,170,0.0134135416056292,0.0764705882352941,0,67,56,0,781,8065233,0.00830726155090622,0.0717029449423816,0
"119","abandoned",2018,15,13,0,1461326,155,0.0102646500507074,0.0838709677419355,0,89,68,0,825,8597866,0.0103514058023235,0.0824242424242424,0
"120","abandoned",2019,10,8,0,1504713,156,0.00664578560828543,0.0512820512820513,0,85,58,0,801,8433336,0.0100790481963484,0.0724094881398252,0
"121","abandoning",1980,1,1,0,321690,85,0.0031085827971028,0.0117647058823529,0,41,38,0,636,4201959,0.00975735365337929,0.059748427672956,0
"122","abandoning",1981,1,1,0,309091,59,0.00323529316609025,0.0169491525423729,0,39,30,0,649,4426794,0.008809987544033,0.0462249614791988,0
"123","abandoning",1982,5,5,0,301023,58,0.0166100264763822,0.0862068965517241,0,54,44,0,646,4499297,0.012001874959577,0.0681114551083591,0
"124","abandoning",1983,3,3,0,314221,59,0.00954742044611913,0.0508474576271186,0,38,36,0,664,4488869,0.00846538404217187,0.0542168674698795,0
"125","abandoning",1984,7,3,0,326329,58,0.0214507444940535,0.0517241379310345,0,38,27,0,623,4487044,0.00846882713875772,0.043338683788122,0
"126","abandoning",1985,7,5,0,322773,59,0.0216870680013508,0.0847457627118644,0,55,47,0,672,4793402,0.0114741054474463,0.0699404761904762,0
"127","abandoning",1986,2,1,0,321383,52,0.00622310452015197,0.0192307692307692,0,65,49,0,661,4872850,0.0133392162697395,0.0741301059001513,0
"128","abandoning",1987,5,4,0,315429,47,0.0158514277380964,0.0851063829787234,0,47,33,0,643,4728494,0.00993973979876045,0.0513219284603421,0
"129","abandoning",1988,8,7,0,303362,47,0.0263711341565522,0.148936170212766,0,62,44,0,613,4657976,0.0133105022438931,0.0717781402936378,0
"130","abandoning",1989,3,3,0,342301,60,0.0087642162891724,0.05,0,60,46,0,623,4915529,0.012206214224349,0.0738362760834671,0
"131","abandoning",1990,6,6,0,328839,53,0.0182460109658526,0.113207547169811,0,66,51,0,583,4772542,0.0138291082613836,0.0874785591766724,0
"132","abandoning",1991,10,8,0,461067,75,0.0216888217981335,0.106666666666667,0,60,52,0,655,5099321,0.0117662724115622,0.0793893129770992,0
"133","abandoning",1992,17,9,0,477662,70,0.035590019721058,0.128571428571429,0,74,50,0,593,5088630,0.0145422245280164,0.0843170320404722,0
"134","abandoning",1993,9,6,0,460826,66,0.0195301480385221,0.0909090909090909,0,61,47,0,624,5170361,0.0117980156511315,0.0753205128205128,0
"135","abandoning",1994,3,3,0,462952,68,0.0064801534500337,0.0441176470588235,0,61,43,0,645,5424220,0.0112458565471165,0.0666666666666667,0
"136","abandoning",1995,5,5,0,460327,60,0.0108618438631668,0.0833333333333333,0,69,52,0,600,5414433,0.0127437166550957,0.0866666666666667,0
"137","abandoning",1996,11,8,0,474983,61,0.0231587235753701,0.131147540983607,0,56,43,0,631,5414388,0.0103428125210088,0.0681458003169572,0
"138","abandoning",1997,9,8,0,422701,54,0.021291645867883,0.148148148148148,0,68,55,0,620,5298755,0.0128332032713345,0.0887096774193548,0
"139","abandoning",1998,7,7,0,496499,70,0.0140987192320629,0.1,0,82,61,0,657,5663788,0.0144779430303535,0.0928462709284627,0
"140","abandoning",1999,11,9,0,483828,66,0.0227353522326116,0.136363636363636,0,80,63,0,634,5609154,0.0142624003548485,0.0993690851735016,0
"141","abandoning",2000,6,6,0,628301,74,0.00954956302791178,0.0810810810810811,0,62,43,0,667,5897962,0.0105121057070222,0.0644677661169415,0
"142","abandoning",2001,6,4,0,570869,71,0.0105102922036404,0.0563380281690141,0,87,54,1,644,5900030,0.0147456877337912,0.0838509316770186,0.0015527950310559
"143","abandoning",2002,7,6,0,518138,78,0.013509914347143,0.0769230769230769,0,69,49,0,654,5471717,0.0126103013003048,0.0749235474006116,0
"144","abandoning",2003,6,5,0,480102,56,0.0124973443143332,0.0892857142857143,0,77,63,0,725,6464428,0.0119113400288471,0.0868965517241379,0
"145","abandoning",2004,4,4,0,583026,63,0.00686075749623516,0.0634920634920635,0,48,43,0,663,6302167,0.00761642780967245,0.0648567119155355,0
"146","abandoning",2005,8,4,0,524163,65,0.0152624279088757,0.0615384615384615,0,79,49,1,714,6673373,0.0118380914718839,0.0686274509803922,0.00140056022408964
"147","abandoning",2006,28,11,1,978999,114,0.0286006420844148,0.0964912280701754,0.0087719298245614,106,63,1,788,7393250,0.014337402360261,0.0799492385786802,0.00126903553299492
"148","abandoning",2007,11,10,0,863664,105,0.0127364345393579,0.0952380952380952,0,82,63,0,782,7418460,0.0110535070621126,0.0805626598465473,0
"149","abandoning",2008,11,9,0,992529,121,0.0110827995957801,0.0743801652892562,0,59,50,0,796,7565287,0.00779877881698341,0.0628140703517588,0
"150","abandoning",2009,22,14,0,1001479,121,0.0219675100526322,0.115702479338843,0,97,77,0,833,7984217,0.0121489683960243,0.092436974789916,0
"151","abandoning",2010,17,14,0,1000539,128,0.0169908419361964,0.109375,0,82,62,0,849,7940206,0.0103271879847954,0.0730270906949352,0
"152","abandoning",2011,5,4,0,1015351,119,0.00492440545190776,0.0336134453781513,0,72,56,0,871,8073448,0.00891812271535037,0.0642939150401837,0
"153","abandoning",2012,20,8,1,1085446,137,0.0184256056957232,0.0583941605839416,0.0072992700729927,82,62,1,871,8001047,0.0102486587067917,0.0711825487944891,0.00114810562571757
"154","abandoning",2013,42,21,1,2112565,262,0.0198810450802697,0.0801526717557252,0.00381679389312977,119,76,1,1032,9781448,0.0121658879135277,0.0736434108527132,0.000968992248062015
"155","abandoning",2014,20,17,0,1528605,182,0.0130838247945022,0.0934065934065934,0,108,83,0,932,9101408,0.0118662958522462,0.0890557939914163,0
"156","abandoning",2015,20,14,0,1593507,190,0.0125509332560196,0.0736842105263158,0,86,57,1,882,8260930,0.0104104501551278,0.0646258503401361,0.00113378684807256
"157","abandoning",2016,30,20,0,1567636,178,0.0191370956012748,0.112359550561798,0,123,68,1,803,8476762,0.014510257572408,0.0846824408468244,0.0012453300124533
"158","abandoning",2017,16,9,0,1416479,170,0.0112956139836877,0.0529411764705882,0,73,56,0,781,8065233,0.00905119542113662,0.0717029449423816,0
"159","abandoning",2018,23,15,0,1461326,155,0.0157391300777513,0.0967741935483871,0,115,84,0,825,8597866,0.0133754119917663,0.101818181818182,0
"160","abandoning",2019,18,12,0,1504713,156,0.0119624140949138,0.0769230769230769,0,114,67,1,801,8433336,0.0135177822868673,0.083645443196005,0.00124843945068664
"161","abandonment",1980,3,2,0,321690,85,0.0093257483913084,0.0235294117647059,0,26,19,0,636,4201959,0.00618759012165516,0.029874213836478,0
"162","abandonment",1981,1,1,0,309091,59,0.00323529316609025,0.0169491525423729,0,25,23,0,649,4426794,0.00564742791284166,0.0354391371340524,0
"163","abandonment",1982,0,0,0,301023,58,0,0,0,45,34,0,646,4499297,0.0100015624663142,0.0526315789473684,0
"164","abandonment",1983,3,3,0,314221,59,0.00954742044611913,0.0508474576271186,0,23,18,0,664,4488869,0.00512378507815666,0.0271084337349398,0
"165","abandonment",1984,0,0,0,326329,58,0,0,0,22,19,0,623,4487044,0.00490300518559658,0.0304975922953451,0
"166","abandonment",1985,0,0,0,322773,59,0,0,0,27,22,0,672,4793402,0.00563274267420091,0.0327380952380952,0
"167","abandonment",1986,3,3,0,321383,52,0.00933465678022795,0.0576923076923077,0,34,25,0,661,4872850,0.00697743620263296,0.037821482602118,0
"168","abandonment",1987,2,2,0,315429,47,0.00634057109523855,0.0425531914893617,0,31,19,0,643,4728494,0.00655599859067179,0.0295489891135303,0
"169","abandonment",1988,8,2,0,303362,47,0.0263711341565522,0.0425531914893617,0,38,24,0,613,4657976,0.00815804976238607,0.0391517128874388,0
"170","abandonment",1989,1,1,0,342301,60,0.00292140542972413,0.0166666666666667,0,22,20,0,623,4915529,0.0044756118822613,0.0321027287319422,0
"171","abandonment",1990,3,2,0,328839,53,0.0091230054829263,0.0377358490566038,0,30,26,0,583,4772542,0.00628595830062889,0.0445969125214408,0
"172","abandonment",1991,4,4,0,461067,75,0.00867552871925338,0.0533333333333333,0,29,24,0,655,5099321,0.00568703166558842,0.0366412213740458,0
"173","abandonment",1992,5,3,0,477662,70,0.0104676528591347,0.0428571428571429,0,37,31,0,593,5088630,0.00727111226400819,0.0522765598650927,0
"174","abandonment",1993,1,1,0,460826,66,0.00217001644872468,0.0151515151515152,0,27,22,0,624,5170361,0.00522207250132051,0.0352564102564103,0
"175","abandonment",1994,0,0,0,462952,68,0,0,0,27,21,0,645,5424220,0.00497767420937941,0.0325581395348837,0
"176","abandonment",1995,0,0,0,460327,60,0,0,0,25,22,0,600,5414433,0.00461728864315063,0.0366666666666667,0
"177","abandonment",1996,2,2,0,474983,61,0.00421067701370365,0.0327868852459016,0,25,21,0,631,5414388,0.00461732701830752,0.0332805071315372,0
"178","abandonment",1997,1,1,0,422701,54,0.00236573842976477,0.0185185185185185,0,28,22,0,620,5298755,0.0052842601705495,0.0354838709677419,0
"179","abandonment",1998,3,3,0,496499,70,0.00604230824231267,0.0428571428571429,0,19,14,0,657,5663788,0.00335464533630143,0.0213089802130898,0
"180","abandonment",1999,1,1,0,483828,66,0.00206685020296469,0.0151515151515152,0,34,25,0,634,5609154,0.00606152015081062,0.0394321766561514,0
"181","abandonment",2000,3,3,0,628301,74,0.00477478151395589,0.0405405405405405,0,17,15,0,667,5897962,0.00288235156482866,0.0224887556221889,0
"182","abandonment",2001,2,2,0,570869,71,0.0035034307345468,0.028169014084507,0,33,18,0,644,5900030,0.00559319189902424,0.0279503105590062,0
"183","abandonment",2002,1,1,0,518138,78,0.00192998776387758,0.0128205128205128,0,21,18,0,654,5471717,0.00383791778704929,0.0275229357798165,0
"184","abandonment",2003,2,2,0,480102,56,0.00416578143811107,0.0357142857142857,0,41,19,1,725,6464428,0.00634240183354196,0.0262068965517241,0.00137931034482759
"185","abandonment",2004,0,0,0,583026,63,0,0,0,23,18,0,663,6302167,0.00364953832546805,0.0271493212669683,0
"186","abandonment",2005,2,2,0,524163,65,0.00381560697721892,0.0307692307692308,0,24,17,0,714,6673373,0.00359638221930649,0.0238095238095238,0
"187","abandonment",2006,0,0,0,978999,114,0,0,0,32,26,0,788,7393250,0.00432827241064484,0.032994923857868,0
"188","abandonment",2007,1,1,0,863664,105,0.00115785768539617,0.00952380952380952,0,28,19,0,782,7418460,0.00377436826511163,0.0242966751918159,0
"189","abandonment",2008,3,2,0,992529,121,0.00302258170794002,0.0165289256198347,0,19,18,0,796,7565287,0.00251147114445229,0.0226130653266332,0
"190","abandonment",2009,4,4,0,1001479,121,0.00399409273684221,0.0330578512396694,0,25,19,0,833,7984217,0.00313117742165575,0.0228091236494598,0
"191","abandonment",2010,0,0,0,1000539,128,0,0,0,33,26,0,849,7940206,0.00415606345729569,0.0306242638398115,0
"192","abandonment",2011,0,0,0,1015351,119,0,0,0,50,15,1,871,8073448,0.00619314077454887,0.0172215843857635,0.00114810562571757
"193","abandonment",2012,4,4,0,1085446,137,0.00368512113914465,0.0291970802919708,0,18,18,0,871,8001047,0.00224970556978355,0.0206659012629162,0
"194","abandonment",2013,13,7,0,2112565,262,0.00615365681055968,0.0267175572519084,0,37,18,0,1032,9781448,0.00378267103193719,0.0174418604651163,0
"195","abandonment",2014,7,6,0,1528605,182,0.00457933867807576,0.032967032967033,0,21,13,0,932,9101408,0.00230733530460342,0.0139484978540773,0
"196","abandonment",2015,3,2,0,1593507,190,0.00188263998840294,0.0105263157894737,0,24,17,0,882,8260930,0.0029052419037566,0.0192743764172336,0
"197","abandonment",2016,12,6,0,1567636,178,0.00765483824050991,0.0337078651685393,0,23,13,0,803,8476762,0.00271330019646653,0.0161892901618929,0
"198","abandonment",2017,1,1,0,1416479,170,0.000705975873980483,0.00588235294117647,0,14,11,0,781,8065233,0.00173584569720428,0.0140845070422535,0
"199","abandonment",2018,4,3,0,1461326,155,0.00273724001352197,0.0193548387096774,0,29,19,0,825,8597866,0.00337292998053238,0.023030303030303,0
"200","abandonment",2019,2,2,0,1504713,156,0.00132915712165709,0.0128205128205128,0,20,16,0,801,8433336,0.00237154075208198,0.0199750312109863,0
